{
  "train_loss": [
    110.36161534856836,
    58.25653384433806,
    43.77306678932718,
    37.2848097757803,
    32.210871854829456,
    29.82156609170113,
    28.550908430528143,
    26.13117309709044,
    25.20480582190723,
    24.697502321482535,
    24.037627733646787,
    23.665758863714515,
    21.919499305482525,
    20.910479155411288,
    20.657981632842006,
    20.452177461327576,
    20.386040893010147,
    19.922913172778767,
    19.443456958654867,
    19.334671577873547,
    19.251307776424945,
    19.208920097984503,
    19.165383739026996,
    19.10511604444698,
    18.988458929005816,
    18.984839409382086,
    18.940976979009783,
    18.936117158378458,
    18.87786699582268,
    18.890586723330127,
    18.803375170673228,
    18.7805515453479,
    18.784924390112483,
    18.73934399785688,
    18.76011048418304,
    18.735552777085154,
    18.72333708447031,
    18.72724905168761,
    18.70249082714008,
    18.716875287869666,
    18.715776559471667,
    18.687289723899305,
    18.66154029139866,
    18.690384823374632,
    18.704921247132564,
    18.72369000668725,
    18.668721886773557,
    18.674965188997547,
    18.685462246165457,
    18.651924283766164,
    18.649991771433413,
    18.673413165199218,
    18.666503844464696,
    18.673232657516873,
    18.681007430424675,
    18.668331514719473,
    18.661114257179488,
    18.647248722119613,
    18.632639781055964,
    18.616934041528335,
    18.66615155697492,
    18.638323063894017,
    18.65712577634157,
    18.617419855104504,
    18.634399842457903,
    18.628795100681042,
    18.5753099812967,
    18.591723997210792,
    18.560727657600978,
    18.566857847446762,
    18.562504815878768,
    18.540578809712823,
    18.546087402396086,
    18.54557465022034,
    18.549207783274948,
    18.537871083471835,
    18.555832240691583,
    18.51251312669769,
    18.50794378701818,
    18.483543681143054,
    18.543164354843128,
    18.52438152329639,
    18.50292828834846,
    18.496764549862217,
    18.49620344752011,
    18.468150315592098
  ],
  "train_power_loss": [
    110.36161534856836,
    58.25653384433806,
    43.77306678932718,
    37.2848097757803,
    32.210871854829456,
    29.82156609170113,
    28.550908430528143,
    26.13117309709044,
    25.20480582190723,
    24.697502321482535,
    24.037627733646787,
    23.665758863714515,
    21.919499305482525,
    20.910479155411288,
    20.657981632842006,
    20.452177461327576,
    20.386040893010147,
    19.922913172778767,
    19.443456958654867,
    19.334671577873547,
    19.251307776424945,
    19.208920097984503,
    19.165383739026996,
    19.10511604444698,
    18.988458929005816,
    18.984839409382086,
    18.940976979009783,
    18.936117158378458,
    18.87786699582268,
    18.890586723330127,
    18.803375170673228,
    18.7805515453479,
    18.784924390112483,
    18.73934399785688,
    18.76011048418304,
    18.735552777085154,
    18.72333708447031,
    18.72724905168761,
    18.70249082714008,
    18.716875287869666,
    18.715776559471667,
    18.687289723899305,
    18.66154029139866,
    18.690384823374632,
    18.704921247132564,
    18.72369000668725,
    18.668721886773557,
    18.674965188997547,
    18.685462246165457,
    18.651924283766164,
    18.649991771433413,
    18.673413165199218,
    18.666503844464696,
    18.673232657516873,
    18.681007430424675,
    18.668331514719473,
    18.661114257179488,
    18.647248722119613,
    18.632639781055964,
    18.616934041528335,
    18.66615155697492,
    18.638323063894017,
    18.65712577634157,
    18.617419855104504,
    18.634399842457903,
    18.628795100681042,
    18.5753099812967,
    18.591723997210792,
    18.560727657600978,
    18.566857847446762,
    18.562504815878768,
    18.540578809712823,
    18.546087402396086,
    18.54557465022034,
    18.549207783274948,
    18.537871083471835,
    18.555832240691583,
    18.51251312669769,
    18.50794378701818,
    18.483543681143054,
    18.543164354843128,
    18.52438152329639,
    18.50292828834846,
    18.496764549862217,
    18.49620344752011,
    18.468150315592098
  ],
  "train_recon_loss": [
    0.0,
    0.0,
    0.0,
    0.0,
    0.0,
    0.0,
    0.0,
    0.0,
    0.0,
    0.0,
    0.0,
    0.0,
    0.0,
    0.0,
    0.0,
    0.0,
    0.0,
    0.0,
    0.0,
    0.0,
    0.0,
    0.0,
    0.0,
    0.0,
    0.0,
    0.0,
    0.0,
    0.0,
    0.0,
    0.0,
    0.0,
    0.0,
    0.0,
    0.0,
    0.0,
    0.0,
    0.0,
    0.0,
    0.0,
    0.0,
    0.0,
    0.0,
    0.0,
    0.0,
    0.0,
    0.0,
    0.0,
    0.0,
    0.0,
    0.0,
    0.0,
    0.0,
    0.0,
    0.0,
    0.0,
    0.0,
    0.0,
    0.0,
    0.0,
    0.0,
    0.0,
    0.0,
    0.0,
    0.0,
    0.0,
    0.0,
    0.0,
    0.0,
    0.0,
    0.0,
    0.0,
    0.0,
    0.0,
    0.0,
    0.0,
    0.0,
    0.0,
    0.0,
    0.0,
    0.0,
    0.0,
    0.0,
    0.0,
    0.0,
    0.0,
    0.0
  ],
  "val_loss": [
    10.723524170470155,
    10.705661759351605,
    10.133634611081579,
    10.120908864906855,
    10.036444106999175,
    11.497641392701178,
    9.98248097996263,
    10.500079385287256,
    10.846753891752156,
    12.272763476139161,
    13.141913920744786,
    11.141670463392543,
    9.987460339318584,
    9.791496841957345,
    9.977634452361263,
    10.101236442240273,
    9.939356977515935,
    8.983331166493352,
    9.200811991708203,
    9.014829093986272,
    9.10448960435515,
    9.286931590751488,
    9.097573087605864,
    9.257664269894258,
    9.126707022198401,
    9.041064851375406,
    9.17477869135993,
    9.030635538209191,
    9.155076148617974,
    9.089582998162777,
    9.046853995697008,
    9.046414250073116,
    8.966655223004079,
    8.986935453755516,
    8.910384169023628,
    8.87187318789419,
    9.080687631298025,
    8.851114467669031,
    8.853770877841457,
    8.863037228168926,
    9.000136298585021,
    8.829474522884714,
    8.814442150891866,
    8.865211614748327,
    8.852254166420328,
    8.959698495133829,
    8.791962570429678,
    8.838202395090242,
    8.767996782209815,
    8.790750489417684,
    8.835728931302393,
    8.877951929793541,
    8.911694626151892,
    8.751633512018449,
    8.723258337077363,
    8.813376417974146,
    8.739868115049621,
    8.874694759837427,
    8.778797946532844,
    8.690862204970383,
    8.781687416681429,
    8.809705679840327,
    8.79329556787471,
    8.81181288741607,
    8.918368720634474,
    8.860193465021844,
    8.731369171823774,
    8.745835171343973,
    8.747325724010269,
    8.742629873835666,
    8.663389924718944,
    8.822964624037725,
    8.782550067228723,
    8.812402598949259,
    8.850672485936395,
    8.793745235283616,
    8.841511797406532,
    8.822513675232798,
    8.77858167637516,
    8.710703312935314,
    8.746912306401788,
    8.760321421905678,
    8.717472204555618,
    8.753329964464966,
    8.78273038020948,
    8.757077542539257
  ],