{
  "train_loss": [
    7.6346840628452,
    5.560824935081113,
    5.11638002624599,
    4.790125497464311,
    4.483403677049414,
    4.288268736482498,
    4.257719904508844,
    4.249969088488651,
    4.247826570482723,
    4.243632865102657,
    4.237233264170561,
    4.234122549264792,
    4.215166743014021,
    4.213363722719589,
    4.210281506661027,
    4.212973891520542,
    4.207862296339631,
    4.208044017687803,
    4.197533131022175,
    4.196286876156978,
    4.195056483577872
  ],
  "train_power_loss": [
    7.6346840628452,
    5.560824935081113,
    5.11638002624599,
    4.790125497464311,
    4.483403677049414,
    4.288268736482498,
    4.257719904508844,
    4.249969088488651,
    4.247826570482723,
    4.243632865102657,
    4.237233264170561,
    4.234122549264792,
    4.215166743014021,
    4.213363722719589,
    4.210281506661027,
    4.212973891520542,
    4.207862296339631,
    4.208044017687803,
    4.197533131022175,
    4.196286876156978,
    4.195056483577872
  ],
  "train_recon_loss": [
    0.0,
    0.0,
    0.0,
    0.0,
    0.0,
    0.0,
    0.0,
    0.0,
    0.0,
    0.0,
    0.0,
    0.0,
    0.0,
    0.0,
    0.0,
    0.0,
    0.0,
    0.0,
    0.0,
    0.0,
    0.0
  ],
  "val_loss": [
    2.6552566643999014,
    2.3642955650851287,
    2.2652794166309076,
    2.240149390458645,
    2.2703062250223724,
    2.2187106342473513,
    2.256314077599539,
    2.2933557354926233,
    2.255449358854144,
    2.266788804676475,
    2.319490017272039,
    2.3370227156927363,
    2.317831236155191,
    2.2775310810642377,
    2.2699868254337576,
    2.306852825479225,
    2.3610632739415984,
    2.382359922243743,
    2.335592811012102,
    2.3468926715103176,
    2.3129563562649884
  ],
  "val_power_loss": [
    2.6552566643999014,
    2.3642955650851287,
    2.2652794166309076,
    2.240149390458645,
    2.2703062250223724,
    2.2187106342473513,
    2.256314077599539,
    2.2933557354926233,
    2.255449358854144,
    2.266788804676475,
    2.319490017272039,
    2.3370227156927363,
    2.317831236155191,
    2.2775310810642377,
    2.2699868254337576,
    2.306852825479225,
    2.3610632739415984,
    2.382359922243743,
    2.335592811012102,
    2.3468926715103176,
    2.3129563562649884
  ],
  "val_recon_loss": [
    0.0,
    0.0,
    0.0,
    0.0,
    0.0,
    0.0,
    0.0,
    0.0,
    0.0,
    0.0,
    0.0,
    0.0,
    0.0,
    0.0,
    0.0,
    0.0,
    0.0,
    0.0,
    0.0,
    0.0,
    0.0
  ],
  "learning_rates": [
    0.0005,
    0.0005,
    0.0005,
    0.0005,
    0.0005,
    0.0005,
    0.0005,
    0.0005,
    0.0005,
    0.0005,
    0.0005,
    0.00025,
    0.00025,
    0.00025,
    0.00025,
    0.00025,
    0.00025,
    0.000125,
    0.000125,
    0.000125,
    0.000125
  ]
}