{
  "train_loss": [
    122.18096389774661,
    61.164295612311946,
    47.08438299404204,
    39.93247417581206,
    34.05410283274352,
    29.825901587665705,
    27.028986065229887,
    25.38620017920637,
    24.418287247471277,
    23.14554375545073,
    21.92134638509684,
    21.618200978387524,
    21.433467530570795,
    21.303613369680864,
    21.266976593263472,
    21.11362383563967,
    20.88395086154082,
    18.259080586325418,
    17.167115434848473,
    16.746258232392083,
    16.450857837337235,
    16.212309494562682,
    16.00251925287554,
    15.813683151731508,
    15.687336877767217,
    15.47668199557876,
    15.42610700817889,
    15.350208228473464,
    15.294727446050594,
    15.255214546719495,
    15.198279897925746,
    15.134670879055815,
    15.093778905293252,
    15.058071767515422,
    15.003006490317372,
    14.949260290439536,
    14.911902287020915,
    14.902550235702186,
    14.890292984475657,
    14.861290652214027,
    14.851628649162084,
    14.82739943504749,
    14.813326658427924,
    14.79157372037085,
    14.78756181662091,
    14.798900117078725,
    14.775870547217774,
    14.749311518741816,
    14.746738337992792,
    14.71224235091683,
    14.729975611490655,
    14.72321713510706,
    14.71032412023079,
    14.701821539200557,
    14.674334610432698,
    14.685399027807373,
    14.673540789283527,
    14.667716463528029,
    14.637909369393924,
    14.62940421497988,
    14.634163674057984,
    14.649487373409372,
    14.6406720910442,
    14.5862522452862,
    14.592212457326646,
    14.600299183136494,
    14.581497741129755,
    14.572700756248281,
    14.57706409064527,
    14.561593731521315,
    14.56904825433206,
    14.561124502937552,
    14.555706913878279,
    14.559601054218588,
    14.53639604172017,
    14.537612198329553,
    14.526171901655944,
    14.528517714776228,
    14.544247433387444,
    14.54837779321737,
    14.544390820148514,
    14.534168626321318,
    14.544844405991691
  ],
  "train_power_loss": [
    122.17969273150175,
    61.16304148925722,
    47.0832150995939,
    39.931294936855494,
    34.05293345627884,
    29.824735881871046,
    27.02781738740642,
    25.385026668941517,
    24.417120340134208,
    23.144367853315867,
    21.92017443805206,
    21.617031247565972,
    21.43229789305024,
    21.302447197485055,
    21.26581085574544,
    21.1124603535967,
    20.882788795419685,
    18.25792367185242,
    17.165962581383226,
    16.745110186446418,
    16.4497109535783,
    16.211163368063104,
    16.001373388418337,
    15.812536538166452,
    15.686193027926238,
    15.475541973415153,
    15.424969769053758,
    15.349071032701884,
    15.293590433454264,
    15.25407801184297,
    15.197143425769092,
    15.133535821886428,
    15.092644457669623,
    15.056938239558233,
    15.001872686143535,
    14.948124811157117,
    14.91076825657788,
    14.901417168746427,
    14.88915957728537,
    14.860157284535182,
    14.850494923076564,
    14.826266939320215,
    14.812194293955477,
    14.790441522926404,
    14.786429693007303,
    14.797767803955576,
    14.774736248086553,
    14.748177090692188,
    14.74560468314209,
    14.711108427170261,
    14.728841260387092,
    14.722082129494654,
    14.709190367198572,
    14.700687394636434,
    14.673199939032049,
    14.684264717097896,
    14.672405621056358,
    14.666580330723255,
    14.636773908699016,
    14.628268898364144,
    14.633027570224804,
    14.648351704409729,
    14.639535036288487,
    14.585115481907899,
    14.591076069852202,
    14.599162606827473,
    14.58035944054351,
    14.57156347434072,
    14.575926725093911,
    14.560456158807469,
    14.567910605554797,
    14.559985920631096,
    14.554568620664734,
    14.558461540563597,
    14.535257234650206,
    14.53647291083992,
    14.525032876364445,
    14.52737813383237,
    14.54310862159272,
    14.547238785682655,
    14.543252194384664,
    14.533029859333919,
    14.543705060714629
  ],
  "train_recon_loss": [
    0.04237396318367309,
    0.04180427595935697,
    0.03893002319917933,
    0.03930831213434266,
    0.038978801972276565,
    0.03885700304721537,
    0.03895592454898752,
    0.03911719094955392,
    0.03889712199107549,
    0.03919682327093303,
    0.03906458760285182,
    0.038991339044330664,
    0.038988083212608826,
    0.03887238159357125,
    0.03885797429111874,
    0.038782675754407074,
    0.03873551818584774,
    0.03856367468604743,
    0.03842854009523829,
    0.038268094633313265,
    0.038229239143521235,
    0.03820419708187351,
    0.03819548123283312,
    0.0382206254525764,
    0.038128197575146204,
    0.0380006784679472,
    0.03790782076618569,
    0.037906546436817276,
    0.03790030167922816,
    0.037884638945832494,
    0.03788241855457396,
    0.037835051567526534,
    0.03781485269154432,
    0.037784287000122846,
    0.03779350867201266,
    0.03784914816427937,
    0.03780102712040984,
    0.037768816869691316,
    0.03778006330520671,
    0.037778821476907164,
    0.03779084341653675,
    0.03774971075005949,
    0.03774551030514901,
    0.03774002314024388,
    0.03773747204915695,
    0.03774366990597399,
    0.03781005631639859,
    0.037814403408209435,
    0.03778870188104206,
    0.03779745988936394,
    0.03781168145309722,
    0.037833642018313976,
    0.037791759560399006,
    0.03780475671178798,
    0.037822406424938795,
    0.03781033689659154,
    0.03783908285985892,
    0.03787101250533696,
    0.03784872611158346,
    0.03784385456621261,
    0.03787017696123742,
    0.037855558010760876,
    0.03790187986820323,
    0.037892228963083946,
    0.037879713277984735,
    0.03788589945270677,
    0.03794327381031283,
    0.037909423302289566,
    0.03791224989003278,
    0.037919077440469205,
    0.037921586545984966,
    0.03795285507777417,
    0.03794301551878647,
    0.03798369019461036,
    0.03796019567114233,
    0.037976332380089954,
    0.03796751841676392,
    0.03798607065551671,
    0.03796043143965035,
    0.03796686742066175,
    0.03795427815124266,
    0.03795900328599163,
    0.03797813733079948
  ],