{
  "train_loss": [
    113.2797755287699,
    64.78119750348064,
    51.40023745127343,
    43.11073990763047,
    36.74172678925077,
    33.45203489770801,
    32.4582327814097,
    31.850236445467,
    31.361104546696257,
    30.840373350165283,
    30.810031970576127,
    30.70281347450635,
    30.70574619690707,
    30.663057710613245,
    30.63192618516255,
    30.418226972539376,
    30.37494409647524,
    30.359176704731393
  ],
  "train_power_loss": [
    113.2797755287699,
    64.78119750348064,
    51.40023745127343,
    43.11073990763047,
    36.74172678925077,
    33.45203489770801,
    32.4582327814097,
    31.850236445467,
    31.361104546696257,
    30.840373350165283,
    30.810031970576127,
    30.70281347450635,
    30.70574619690707,
    30.663057710613245,
    30.63192618516255,
    30.418226972539376,
    30.37494409647524,
    30.359176704731393
  ],
  "train_recon_loss": [
    0.0,
    0.0,
    0.0,
    0.0,
    0.0,
    0.0,
    0.0,
    0.0,
    0.0,
    0.0,
    0.0,
    0.0,
    0.0,
    0.0,
    0.0,
    0.0,
    0.0,
    0.0
  ],
  "val_loss": [
    11.821372962954989,
    11.346516233256143,
    10.31007384796209,
    10.527445346897185,
    11.223322579581907,
    12.820262870655426,
    14.281695290593785,
    15.679587347969335,
    16.379949500631497,
    16.677932214154414,
    16.567838950515,
    17.049136737254276,
    16.68582301406128,
    16.847657278570207,
    16.773398222099424,
    16.761155756356203,
    16.72078576720406,
    16.740211428980135
  ],
  "val_power_loss": [
    11.821372962954989,
    11.346516233256143,
    10.31007384796209,
    10.527445346897185,
    11.223322579581907,
    12.820262870655426,
    14.281695290593785,
    15.679587347969335,
    16.379949500631497,
    16.677932214154414,
    16.567838950515,
    17.049136737254276,
    16.68582301406128,
    16.847657278570207,
    16.773398222099424,
    16.761155756356203,
    16.72078576720406,
    16.740211428980135
  ],
  "val_recon_loss": [
    0.0,
    0.0,
    0.0,
    0.0,
    0.0,
    0.0,
    0.0,
    0.0,
    0.0,
    0.0,
    0.0,
    0.0,
    0.0,
    0.0,
    0.0,
    0.0,
    0.0,
    0.0
  ],
  "learning_rates": [
    0.0005,
    0.0005,
    0.0005,
    0.0005,
    0.0005,
    0.0005,
    0.0005,
    0.0005,
    0.00025,
    0.00025,
    0.00025,
    0.00025,
    0.00025,
    0.00025,
    0.000125,
    0.000125,
    0.000125,
    0.000125
  ]
}