{
  "train_loss": [
    8.030595645389186,
    5.851822179904943,
    5.261523036576659,
    4.889019667014187,
    4.553957037288713,
    4.3046899878825,
    4.127414558877872,
    3.9442209840878992,
    3.792118293705454,
    3.6530221768348707,
    3.529682997835213,
    3.4285317019375965,
    3.3367602064509305,
    3.260000429806688,
    3.1919702205973137,
    3.133533669151613,
    3.072330349089146,
    3.0483296888727627,
    3.0269802629145746,
    3.0032682073966135,
    2.9898927427247255,
    2.9731102987981646,
    2.9481507533826283,
    2.9424892834254672,
    2.9335267083805783
  ],
  "train_power_loss": [
    8.030595645389186,
    5.851822179904943,
    5.261523036576659,
    4.889019667014187,
    4.553957037288713,
    4.3046899878825,
    4.127414558877872,
    3.9442209840878992,
    3.792118293705454,
    3.6530221768348707,
    3.529682997835213,
    3.4285317019375965,
    3.3367602064509305,
    3.260000429806688,
    3.1919702205973137,
    3.133533669151613,
    3.072330349089146,
    3.0483296888727627,
    3.0269802629145746,
    3.0032682073966135,
    2.9898927427247255,
    2.9731102987981646,
    2.9481507533826283,
    2.9424892834254672,
    2.9335267083805783
  ],
  "train_recon_loss": [
    0.0,
    0.0,
    0.0,
    0.0,
    0.0,
    0.0,
    0.0,
    0.0,
    0.0,
    0.0,
    0.0,
    0.0,
    0.0,
    0.0,
    0.0,
    0.0,
    0.0,
    0.0,
    0.0,
    0.0,
    0.0,
    0.0,
    0.0,
    0.0,
    0.0
  ],
  "val_loss": [
    2.395229332574776,
    2.1213348704789365,
    2.073405466760908,
    2.0870097792042155,
    2.1131403663328716,
    2.0755737485630172,
    2.0539194091090134,
    2.0863916614225935,
    2.06140478918595,
    2.0405072904058863,
    2.0646887382758514,
    2.0617295558431317,
    2.0737138442162957,
    2.0966759721615484,
    2.0992320062858716,
    2.195572592318058,
    2.1357509083513704,
    2.135246854594776,
    2.1213870149637972,
    2.0962909107761725,
    2.106213181199772,
    2.1309408152742044,
    2.126925603300333,
    2.116514620610646,
    2.1024901718433413
  ],
  "val_power_loss": [
    2.395229332574776,
    2.1213348704789365,
    2.073405466760908,
    2.0870097792042155,
    2.1131403663328716,
    2.0755737485630172,
    2.0539194091090134,
    2.0863916614225935,
    2.06140478918595,
    2.0405072904058863,
    2.0646887382758514,
    2.0617295558431317,
    2.0737138442162957,
    2.0966759721615484,
    2.0992320062858716,
    2.195572592318058,
    2.1357509083513704,
    2.135246854594776,
    2.1213870149637972,
    2.0962909107761725,
    2.106213181199772,
    2.1309408152742044,
    2.126925603300333,
    2.116514620610646,
    2.1024901718433413
  ],
  "val_recon_loss": [
    0.0,
    0.0,
    0.0,
    0.0,
    0.0,
    0.0,
    0.0,
    0.0,
    0.0,
    0.0,
    0.0,
    0.0,
    0.0,
    0.0,
    0.0,
    0.0,
    0.0,
    0.0,
    0.0,
    0.0,
    0.0,
    0.0,
    0.0,
    0.0,
    0.0
  ],
  "learning_rates": [
    0.0005,
    0.0005,
    0.0005,
    0.0005,
    0.0005,
    0.0005,
    0.0005,
    0.0005,
    0.0005,
    0.0005,
    0.0005,
    0.0005,
    0.0005,
    0.0005,
    0.0005,
    0.00025,
    0.00025,
    0.00025,
    0.00025,
    0.00025,
    0.00025,
    0.000125,
    0.000125,
    0.000125,
    0.000125
  ]
}