{
  "train_loss": [
    104.16552288814704,
    53.69431750491936,
    43.707049189648146,
    37.05251713154208,
    31.62999774032769,
    29.136925126202016,
    28.5429282052384,
    27.773676933623356,
    27.323240417740486,
    27.22317512940862,
    26.811194109272872,
    26.340205462552113,
    26.29528170595601,
    26.266804160556728,
    26.230922493992782,
    26.21967305943941,
    26.094582909179483,
    26.04886732834557,
    26.031521233012867
  ],
  "train_power_loss": [
    104.16552288814704,
    53.69431750491936,
    43.707049189648146,
    37.05251713154208,
    31.62999774032769,
    29.136925126202016,
    28.5429282052384,
    27.773676933623356,
    27.323240417740486,
    27.22317512940862,
    26.811194109272872,
    26.340205462552113,
    26.29528170595601,
    26.266804160556728,
    26.230922493992782,
    26.21967305943941,
    26.094582909179483,
    26.04886732834557,
    26.031521233012867
  ],
  "train_recon_loss": [
    0.0,
    0.0,
    0.0,
    0.0,
    0.0,
    0.0,
    0.0,
    0.0,
    0.0,
    0.0,
    0.0,
    0.0,
    0.0,
    0.0,
    0.0,
    0.0,
    0.0,
    0.0,
    0.0
  ],
  "val_loss": [
    12.212533958697568,
    10.485989388896197,
    9.293827837975599,
    9.078045686155246,
    9.270350260809323,
    10.552449906329244,
    11.468550933570397,
    13.005799058837757,
    13.502234072220034,
    14.311176646877248,
    14.412130369126588,
    14.905663815524935,
    15.406924006415576,
    15.93879895426255,
    15.935711686204119,
    16.036117311138725,
    16.34933065163549,
    16.679737662189098,
    16.486956368340017
  ],
  "val_power_loss": [
    12.212533958697568,
    10.485989388896197,
    9.293827837975599,
    9.078045686155246,
    9.270350260809323,
    10.552449906329244,
    11.468550933570397,
    13.005799058837757,
    13.502234072220034,
    14.311176646877248,
    14.412130369126588,
    14.905663815524935,
    15.406924006415576,
    15.93879895426255,
    15.935711686204119,
    16.036117311138725,
    16.34933065163549,
    16.679737662189098,
    16.486956368340017
  ],
  "val_recon_loss": [
    0.0,
    0.0,
    0.0,
    0.0,
    0.0,
    0.0,
    0.0,
    0.0,
    0.0,
    0.0,
    0.0,
    0.0,
    0.0,
    0.0,
    0.0,
    0.0,
    0.0,
    0.0,
    0.0
  ],
  "learning_rates": [
    0.0005,
    0.0005,
    0.0005,
    0.0005,
    0.0005,
    0.0005,
    0.0005,
    0.0005,
    0.0005,
    0.00025,
    0.00025,
    0.00025,
    0.00025,
    0.00025,
    0.00025,
    0.000125,
    0.000125,
    0.000125,
    0.000125
  ]
}