{
  "train_loss": [
    8.056288112418839,
    5.620020271043356,
    5.095899273597653,
    4.766660488109925,
    4.462251045592979,
    4.2081236785424645,
    4.072207121820127,
    3.957934233068352,
    3.856415069768002,
    3.764680853829636,
    3.6885724541356337,
    3.6236437403511634,
    3.5595033308771504,
    3.526847456246227,
    3.4992016170659324,
    3.475188221321117,
    3.4503479345311185,
    3.428893942379669,
    3.402714518238719,
    3.3898163695722534,
    3.376088318319136
  ],
  "train_power_loss": [
    8.056288112418839,
    5.620020271043356,
    5.095899273597653,
    4.766660488109925,
    4.462251045592979,
    4.2081236785424645,
    4.072207121820127,
    3.957934233068352,
    3.856415069768002,
    3.764680853829636,
    3.6885724541356337,
    3.6236437403511634,
    3.5595033308771504,
    3.526847456246227,
    3.4992016170659324,
    3.475188221321117,
    3.4503479345311185,
    3.428893942379669,
    3.402714518238719,
    3.3898163695722534,
    3.376088318319136
  ],
  "train_recon_loss": [
    0.0,
    0.0,
    0.0,
    0.0,
    0.0,
    0.0,
    0.0,
    0.0,
    0.0,
    0.0,
    0.0,
    0.0,
    0.0,
    0.0,
    0.0,
    0.0,
    0.0,
    0.0,
    0.0,
    0.0,
    0.0
  ],
  "val_loss": [
    2.2462973790226055,
    2.2805406691406658,
    2.080677262130374,
    2.040421888480125,
    2.0528982050868367,
    2.0121818730218575,
    2.052615906912386,
    2.1153398803994747,
    2.13454947272202,
    2.1436874624651594,
    2.2004796446140946,
    2.187328477663826,
    2.170340723063721,
    2.207546370417265,
    2.1959302781800467,
    2.200744497192104,
    2.2222209939123743,
    2.271728556665167,
    2.2275473295320203,
    2.216523673034199,
    2.22078334321156
  ],
  "val_power_loss": [
    2.2462973790226055,
    2.2805406691406658,
    2.080677262130374,
    2.040421888480125,
    2.0528982050868367,
    2.0121818730218575,
    2.052615906912386,
    2.1153398803994747,
    2.13454947272202,
    2.1436874624651594,
    2.2004796446140946,
    2.187328477663826,
    2.170340723063721,
    2.207546370417265,
    2.1959302781800467,
    2.200744497192104,
    2.2222209939123743,
    2.271728556665167,
    2.2275473295320203,
    2.216523673034199,
    2.22078334321156
  ],
  "val_recon_loss": [
    0.0,
    0.0,
    0.0,
    0.0,
    0.0,
    0.0,
    0.0,
    0.0,
    0.0,
    0.0,
    0.0,
    0.0,
    0.0,
    0.0,
    0.0,
    0.0,
    0.0,
    0.0,
    0.0,
    0.0,
    0.0
  ],
  "learning_rates": [
    0.0005,
    0.0005,
    0.0005,
    0.0005,
    0.0005,
    0.0005,
    0.0005,
    0.0005,
    0.0005,
    0.0005,
    0.0005,
    0.00025,
    0.00025,
    0.00025,
    0.00025,
    0.00025,
    0.00025,
    0.000125,
    0.000125,
    0.000125,
    0.000125
  ]
}