{
  "train_loss": [
    8.143070427019422,
    5.6484329678144185,
    5.102344979392527,
    4.75339927863109,
    4.4436667565035695,
    4.196941303368333,
    4.051663567860471,
    3.9290732925673395,
    3.8163189888649494,
    3.721521297683907,
    3.6418170725686623,
    3.5725545517269537,
    3.535514051192002,
    3.504271380058149,
    3.476606152679135,
    3.449238984920214,
    3.424365123688448,
    3.3979806801375614,
    3.384168663273082,
    3.37137968851195
  ],
  "train_power_loss": [
    8.143070427019422,
    5.6484329678144185,
    5.102344979392527,
    4.75339927863109,
    4.4436667565035695,
    4.196941303368333,
    4.051663567860471,
    3.9290732925673395,
    3.8163189888649494,
    3.721521297683907,
    3.6418170725686623,
    3.5725545517269537,
    3.535514051192002,
    3.504271380058149,
    3.476606152679135,
    3.449238984920214,
    3.424365123688448,
    3.3979806801375614,
    3.384168663273082,
    3.37137968851195
  ],
  "train_recon_loss": [
    0.0,
    0.0,
    0.0,
    0.0,
    0.0,
    0.0,
    0.0,
    0.0,
    0.0,
    0.0,
    0.0,
    0.0,
    0.0,
    0.0,
    0.0,
    0.0,
    0.0,
    0.0,
    0.0,
    0.0
  ],
  "val_loss": [
    2.177797424876316,
    2.1566133644003487,
    2.129150562170075,
    2.0942831200901226,
    2.084361686991067,
    2.1654771176987824,
    2.1598724041147097,
    2.13283783446621,
    2.1675888381976285,
    2.1885590053290023,
    2.2216562254918992,
    2.2373710366595496,
    2.2435172202798963,
    2.273902432220738,
    2.250906762864947,
    2.245128018930814,
    2.2961828217481486,
    2.267615788126241,
    2.268046982871946,
    2.275788438704371
  ],
  "val_power_loss": [
    2.177797424876316,
    2.1566133644003487,
    2.129150562170075,
    2.0942831200901226,
    2.084361686991067,
    2.1654771176987824,
    2.1598724041147097,
    2.13283783446621,
    2.1675888381976285,
    2.1885590053290023,
    2.2216562254918992,
    2.2373710366595496,
    2.2435172202798963,
    2.273902432220738,
    2.250906762864947,
    2.245128018930814,
    2.2961828217481486,
    2.267615788126241,
    2.268046982871946,
    2.275788438704371
  ],
  "val_recon_loss": [
    0.0,
    0.0,
    0.0,
    0.0,
    0.0,
    0.0,
    0.0,
    0.0,
    0.0,
    0.0,
    0.0,
    0.0,
    0.0,
    0.0,
    0.0,
    0.0,
    0.0,
    0.0,
    0.0,
    0.0
  ],
  "learning_rates": [
    0.0005,
    0.0005,
    0.0005,
    0.0005,
    0.0005,
    0.0005,
    0.0005,
    0.0005,
    0.0005,
    0.0005,
    0.00025,
    0.00025,
    0.00025,
    0.00025,
    0.00025,
    0.00025,
    0.000125,
    0.000125,
    0.000125,
    0.000125
  ]
}